Test Loss,Accuracy,Precision,Recall,F1-score
1.0427848892552511,0.31247206079570855,0.39763848468906265,0.31247206079570855,0.16031341153653458

