Test Loss,Accuracy,Precision,Recall,F1-score
1.7738670531441183,0.15122873345935728,0.30880902089070184,0.15122873345935728,0.10037086571742324
