Test Loss,Accuracy,Precision,Recall,F1-score
0.9965680062770843,0.3477872150201162,0.3631787973345618,0.3477872150201162,0.3449900609496975